model,roc_auc,no_show_recall,no_show_precision,no_show_f1
Logistic Regression,0.718439097286909,0.8323997311225633,0.300542027344066,0.44163100332857824
Random Forest,0.6466447485952023,0.2258570468294869,0.30610385666565443,0.259927797833935
Gradient Boosting,0.7234087398578795,0.0033609679587721262,0.4411764705882353,0.0066711140760507
